<?xml version="1.0" encoding="UTF-8"?>
<project-private xmlns="http://www.netbeans.org/ns/project-private/1">
    <editor-bookmarks xmlns="http://www.netbeans.org/ns/editor-bookmarks/2" lastBookmarkId="0"/>
    <open-files xmlns="http://www.netbeans.org/ns/projectui-open-files/2">
        <group>
            <file>file:/E:/Project/RAT/Libraries/application/model.php</file>
            <file>file:/E:/Project/RAT/Libraries/core/Database/table.php</file>
            <file>file:/E:/Project/RAT/Libraries/core/t.php</file>
            <file>file:/E:/Project/RAT/Libraries/core/Document/document.php</file>
            <file>file:/E:/Project/RAT/Libraries/core/Session/session.php</file>
            <file>file:/E:/Project/RAT/Modules/User/Models/user.php</file>
            <file>file:/E:/Project/RAT/Libraries/application/application.php</file>
            <file>file:/E:/Project/RAT/Modules/User/router.php</file>
            <file>file:/E:/Project/RAT/Templates/index.php</file>
            <file>file:/E:/Project/RAT/Modules/User/Controllers/user.php</file>
            <file>file:/E:/Project/RAT/configuration.php</file>
            <file>file:/E:/Project/RAT/Modules/User/BLogics/user.php</file>
            <file>file:/E:/Project/RAT/Libraries/application/router.php</file>
        </group>
    </open-files>
</project-private>
